[
  {
    "id": "3eeebcda-0f19-4690-a5d4-2ed6644fe613",
    "data": [
      {
        "text": "preis",
        "userDefined": false
      },
      {
        "text": " ",
        "userDefined": false
      },
      {
        "text": "bitcoin",
        "meta": "@crypto",
        "alias": "crypto",
        "userDefined": true
      }
    ],
    "isTemplate": false,
    "count": 0,
    "lang": "de",
    "updated": 0
  },
  {
    "id": "7289e8ca-6379-4870-b1af-86e8756411a4",
    "data": [
      {
        "text": "wie ist der ",
        "userDefined": false
      },
      {
        "text": "bitcoin",
        "meta": "@crypto",
        "alias": "crypto",
        "userDefined": true
      },
      {
        "text": " ",
        "userDefined": false
      },
      {
        "text": "preis",
        "userDefined": false
      }
    ],
    "isTemplate": false,
    "count": 0,
    "lang": "de",
    "updated": 0
  },
  {
    "id": "3aa6faf8-171e-4467-b6c1-42abb79cf072",
    "data": [
      {
        "text": "wie steht\u0027s um ",
        "userDefined": false
      },
      {
        "text": "bitcoin",
        "meta": "@crypto",
        "alias": "crypto",
        "userDefined": true
      }
    ],
    "isTemplate": false,
    "count": 0,
    "lang": "de",
    "updated": 0
  },
  {
    "id": "eab1edcd-8251-42d6-bb17-d13d33cb7be3",
    "data": [
      {
        "text": "Was ist der ",
        "userDefined": false
      },
      {
        "text": "bitcoin",
        "meta": "@crypto",
        "alias": "crypto",
        "userDefined": true
      },
      {
        "text": " ",
        "userDefined": false
      },
      {
        "text": "preis",
        "userDefined": false
      }
    ],
    "isTemplate": false,
    "count": 0,
    "lang": "de",
    "updated": 0
  },
  {
    "id": "3e09f239-f094-41c0-8117-032aa81a6006",
    "data": [
      {
        "text": "Wie ist der aktuelle ",
        "userDefined": false
      },
      {
        "text": "bitcoin",
        "meta": "@crypto",
        "alias": "crypto",
        "userDefined": true
      },
      {
        "text": " ",
        "userDefined": false
      },
      {
        "text": "preis",
        "userDefined": false
      }
    ],
    "isTemplate": false,
    "count": 0,
    "lang": "de",
    "updated": 0
  },
  {
    "id": "a32ba410-511d-454a-8454-588807424c9a",
    "data": [
      {
        "text": "Preis",
        "userDefined": false
      },
      {
        "text": " von ",
        "userDefined": false
      },
      {
        "text": "bitcoin",
        "meta": "@crypto",
        "alias": "crypto",
        "userDefined": true
      }
    ],
    "isTemplate": false,
    "count": 0,
    "lang": "de",
    "updated": 0
  }
]