[
  {
    "id": "c5461ef7-030c-4491-8e37-f335af64b474",
    "data": [
      {
        "text": "Guten Tag",
        "userDefined": false
      }
    ],
    "isTemplate": false,
    "count": 0,
    "lang": "de",
    "updated": 0
  },
  {
    "id": "da912114-a47e-4763-a66a-d9cde9f467ed",
    "data": [
      {
        "text": "hii",
        "userDefined": false
      }
    ],
    "isTemplate": false,
    "count": 0,
    "lang": "de",
    "updated": 0
  },
  {
    "id": "715d21cc-8d55-4fb2-aa0d-8f9684e8b28c",
    "data": [
      {
        "text": "hi",
        "userDefined": false
      }
    ],
    "isTemplate": false,
    "count": 0,
    "lang": "de",
    "updated": 0
  },
  {
    "id": "adffdc8c-ed75-4126-b72c-a8596d469f07",
    "data": [
      {
        "text": "hey",
        "userDefined": false
      }
    ],
    "isTemplate": false,
    "count": 0,
    "lang": "de",
    "updated": 0
  },
  {
    "id": "d7a9951c-0fd7-4a42-a0f9-37ff21c00a14",
    "data": [
      {
        "text": "ja hallo",
        "userDefined": false
      }
    ],
    "isTemplate": false,
    "count": 0,
    "lang": "de",
    "updated": 0
  },
  {
    "id": "b0fe3b59-ac1f-494c-8c67-adb1e326ca99",
    "data": [
      {
        "text": "ich grüße dich",
        "userDefined": false
      }
    ],
    "isTemplate": false,
    "count": 0,
    "lang": "de",
    "updated": 0
  },
  {
    "id": "306ac851-6ac5-4028-b072-23988803328f",
    "data": [
      {
        "text": "hallöchen",
        "userDefined": false
      }
    ],
    "isTemplate": false,
    "count": 0,
    "lang": "de",
    "updated": 0
  },
  {
    "id": "355a92dd-0dab-41f4-a5ca-dd1cb78bf1d0",
    "data": [
      {
        "text": "hallo Schatzi",
        "userDefined": false
      }
    ],
    "isTemplate": false,
    "count": 0,
    "lang": "de",
    "updated": 0
  },
  {
    "id": "181c8382-f192-48cf-85c3-46ac28685856",
    "data": [
      {
        "text": "hallo Schatz",
        "userDefined": false
      }
    ],
    "isTemplate": false,
    "count": 0,
    "lang": "de",
    "updated": 0
  },
  {
    "id": "ee139478-4df1-4566-8342-289f7ff655b6",
    "data": [
      {
        "text": "hallo hallo",
        "userDefined": false
      }
    ],
    "isTemplate": false,
    "count": 0,
    "lang": "de",
    "updated": 0
  },
  {
    "id": "d629fc54-452c-4354-8dfe-84416a29f9a3",
    "data": [
      {
        "text": "hallo",
        "userDefined": false
      }
    ],
    "isTemplate": false,
    "count": 0,
    "lang": "de",
    "updated": 0
  },
  {
    "id": "5d48c030-c740-4060-b7b5-f66bd36544c7",
    "data": [
      {
        "text": "grüß dich",
        "userDefined": false
      }
    ],
    "isTemplate": false,
    "count": 0,
    "lang": "de",
    "updated": 0
  }
]