[
  {
    "id": "33985d0b-c1ee-46b0-8de4-4975b8770865",
    "data": [
      {
        "text": "Lebenssinn?",
        "userDefined": false
      }
    ],
    "isTemplate": false,
    "count": 0,
    "lang": "de",
    "updated": 0
  },
  {
    "id": "fb604bbb-417e-43b0-94e3-815a7339213d",
    "data": [
      {
        "text": "Gibt es ",
        "userDefined": false
      },
      {
        "text": "einen",
        "userDefined": false
      },
      {
        "text": " ",
        "userDefined": false
      },
      {
        "text": "Sinn",
        "userDefined": false
      },
      {
        "text": " im Leben?",
        "userDefined": false
      }
    ],
    "isTemplate": false,
    "count": 0,
    "lang": "de",
    "updated": 0
  },
  {
    "id": "1d6a0faf-98e0-4a18-a759-6f38aa4a1d80",
    "data": [
      {
        "text": "Was für ",
        "userDefined": false
      },
      {
        "text": "einen",
        "userDefined": false
      },
      {
        "text": " ",
        "userDefined": false
      },
      {
        "text": "Sinn",
        "userDefined": false
      },
      {
        "text": " hat das Leben?",
        "userDefined": false
      }
    ],
    "isTemplate": false,
    "count": 0,
    "lang": "de",
    "updated": 0
  },
  {
    "id": "a18c31c2-e6f2-4bf8-badc-ca7911bfabd1",
    "data": [
      {
        "text": "Was ist der ",
        "userDefined": false
      },
      {
        "text": "Sinn",
        "userDefined": false
      },
      {
        "text": " des ",
        "userDefined": false
      },
      {
        "text": "Lebens?",
        "userDefined": false
      }
    ],
    "isTemplate": false,
    "count": 0,
    "lang": "de",
    "updated": 0
  },
  {
    "id": "7fe0d991-7dd3-4c2f-ba34-9038497501ab",
    "data": [
      {
        "text": "Sinn",
        "userDefined": false
      },
      {
        "text": " des ",
        "userDefined": false
      },
      {
        "text": "Lebens",
        "userDefined": false
      },
      {
        "text": "?",
        "userDefined": false
      }
    ],
    "isTemplate": false,
    "count": 0,
    "lang": "de",
    "updated": 0
  }
]