[
  {
    "id": "db55e180-1f4b-41e0-8f64-346769bd35f2",
    "data": [
      {
        "text": "Erstellungsdatum des Programms",
        "userDefined": false
      }
    ],
    "isTemplate": false,
    "count": 0,
    "lang": "de",
    "updated": 0
  },
  {
    "id": "2d61fa83-a025-411a-8455-1bd15b6158f3",
    "data": [
      {
        "text": "Wann wurde das Programm erstellt",
        "userDefined": false
      }
    ],
    "isTemplate": false,
    "count": 0,
    "lang": "de",
    "updated": 0
  },
  {
    "id": "5950c4a3-23e8-4807-89db-30c876bb63ff",
    "data": [
      {
        "text": "Wie alt ist das Programm",
        "userDefined": false
      }
    ],
    "isTemplate": false,
    "count": 0,
    "lang": "de",
    "updated": 0
  }
]