[
  {
    "id": "eca96ecf-cf6a-40b6-ad3b-a07a63a42277",
    "data": [
      {
        "text": "Welches Alter haben die Entwickler",
        "userDefined": false
      }
    ],
    "isTemplate": false,
    "count": 0,
    "lang": "de",
    "updated": 0
  },
  {
    "id": "e826e054-3e3e-4dbe-8631-4cdad42f2f4c",
    "data": [
      {
        "text": "Entwickler Alter",
        "userDefined": false
      }
    ],
    "isTemplate": false,
    "count": 0,
    "lang": "de",
    "updated": 0
  },
  {
    "id": "5ac48ef4-e102-402a-a866-1434cbe74f9a",
    "data": [
      {
        "text": "Alter der Entwickler",
        "userDefined": false
      }
    ],
    "isTemplate": false,
    "count": 0,
    "lang": "de",
    "updated": 0
  },
  {
    "id": "e8ce473d-485c-4a69-bdbb-430f20afaed8",
    "data": [
      {
        "text": "Wie alt sind die Entwickler",
        "userDefined": false
      }
    ],
    "isTemplate": false,
    "count": 0,
    "lang": "de",
    "updated": 0
  }
]