[
  {
    "id": "ee500038-79d2-4291-ba75-e9a6691287fe",
    "data": [
      {
        "text": "Wie geht ",
        "userDefined": false
      },
      {
        "text": "es",
        "userDefined": false
      },
      {
        "text": " dir ",
        "userDefined": false
      },
      {
        "text": "heute",
        "userDefined": false
      }
    ],
    "isTemplate": false,
    "count": 0,
    "lang": "de",
    "updated": 0
  },
  {
    "id": "5a3afdc5-d699-4a66-90e4-4200d6d7f209",
    "data": [
      {
        "text": "Wie geht ",
        "userDefined": false
      },
      {
        "text": "es",
        "userDefined": false
      },
      {
        "text": " dir",
        "userDefined": false
      }
    ],
    "isTemplate": false,
    "count": 0,
    "lang": "de",
    "updated": 0
  }
]