[
  {
    "id": "1d77a8df-d0c5-4bcc-a8f5-6b768ec18f7e",
    "data": [
      {
        "text": "Bist du Roboter",
        "userDefined": false
      }
    ],
    "isTemplate": false,
    "count": 0,
    "lang": "de",
    "updated": 0
  },
  {
    "id": "d817f4b5-3e95-45ac-9eec-7d5a0cc3c0f9",
    "data": [
      {
        "text": "Bist du ",
        "userDefined": false
      },
      {
        "text": "ein",
        "userDefined": false
      },
      {
        "text": " Roboter?",
        "userDefined": false
      }
    ],
    "isTemplate": false,
    "count": 0,
    "lang": "de",
    "updated": 0
  }
]