[
  {
    "id": "dabebced-a1b3-4782-912a-f8427acb04ef",
    "data": [
      {
        "text": "Bist du in ",
        "userDefined": false
      },
      {
        "text": "der Lage Fahrrad",
        "userDefined": false
      },
      {
        "text": " zu fahren?",
        "userDefined": false
      }
    ],
    "isTemplate": false,
    "count": 0,
    "lang": "de",
    "updated": 0
  },
  {
    "id": "63bced28-4906-4283-9038-493b5bf37a53",
    "data": [
      {
        "text": "Kannst du ",
        "userDefined": false
      },
      {
        "text": "Fahrrad",
        "userDefined": false
      },
      {
        "text": " fahren?",
        "userDefined": false
      }
    ],
    "isTemplate": false,
    "count": 0,
    "lang": "de",
    "updated": 0
  }
]